treatment,metric,shapiro_statistic,shapiro_p_value,is_normal,sample_size
T1,cpu_usage,0.9784415218868697,1.3968763439867294e-06,False,484
T2,cpu_usage,0.8056439624366758,7.319732200840784e-30,False,797
T3,cpu_usage,0.9542791808754933,2.9881196388328517e-22,False,1642
T4,cpu_usage,0.8613901510383543,1.2485930179711456e-08,False,108
T5,cpu_usage,0.8699753380346916,6.461859698230908e-41,False,2416
T6,cpu_usage,0.9328622350641117,1.507333750635309e-12,False,406
T7,cpu_usage,0.8268251624006093,1.0905124122588823e-15,False,241
