treatment,metric,shapiro_statistic,shapiro_p_value,is_normal,sample_size
T1,ram_usage,0.8800507845011107,6.537222481404109e-19,False,484
T2,ram_usage,0.8361654187221025,7.897404337779917e-28,False,797
T3,ram_usage,0.9926564028457464,2.691872125054011e-07,False,1642
T4,ram_usage,0.9700332012316419,0.015325354307359882,False,108
T5,ram_usage,0.9865505520693634,2.4831188559875575e-14,False,2416
T6,ram_usage,0.9936990694752823,0.0895976981393729,True,406
T7,ram_usage,0.9697419588329312,5.2429644505481816e-05,False,241
