treatment,metric,shapiro_statistic,shapiro_p_value,is_normal,sample_size
T1,tps,0.6936209134754461,1.025165950468269e-28,False,484
T2,tps,0.08740692712609055,1.0238915099226291e-51,False,797
T3,tps,0.5378145732181242,2.693379880235491e-54,False,1642
T4,tps,0.8933971544831965,3.0412766222705375e-07,False,108
T5,tps,0.7084018514889872,6.794368938006992e-54,False,2416
T6,tps,0.5114328444623519,6.159890684314037e-32,False,406
T7,tps,0.48685164525781244,7.072950862382419e-26,False,241
